Altitude,Area
500.000000,1.952450
