Altitude,Area
1000.000000,7.809800
